{
  "data": [
    [103.723138762, 1.332911925, 73， 1],
    [x, y， angle, type]
  ]
}
1. 小数6位
2. 放大1000000
3. x - 103800000, y - 1300000

{
  "xBase": 103800000,
  "yBase": 1300000,
  "scale": 1000000,
  "data": [
      [-76861, 32912, 73],
      [-76652, 31788, 91]，[-76785, 31402, 9],
      [-76958, 31606, 189],
      [-76434, 31537, 210],
      [-76537, 31240, 278],
      [-75988, 31499, 185],